<?xml version="1.0" encoding="UTF-8"?>
<schemalist>
  <schema id="org.gnome.shell.extensions.screensaver" path="/org/gnome/shell/extensions/screensaver/">
    <!-- The key type "a{sb}" describes a dictionary of string-boolean pairs -->
    <!-- See also: https://developer.gnome.org/glib/stable/gvariant-format-strings.html -->
    <key name="toggle-key" type="as">
      <default><![CDATA[['<Control>Escape']]]></default>
      <summary>Shortcut key to toggle the screensaver</summary>
    </key>
    <key name="catch-key" type="as">
      <default><![CDATA[['Backspace','Return','Delete','KP_Enter','ampersand','eacute','quotedbl','apostrophe','parenleft','section','egrave','exclam','ccedilla','agrave','parenright','minus','a','z','e','r','t','y','u','i','o','p','dead_circumflex','dollar','q','s','d','f','g','h','j','k','l','m','ugrave','mu','less','w','x','c','v','b','n','comma','semicolon','colon','equal','KP_1','KP_2','KP_3','KP_4','KP_5','KP_6','KP_7','KP_8','KP_9','KP_0','<Shift>ampersand','<Shift>eacute','<Shift>quotedbl','<Shift>apostrophe','<Shift>parenleft','<Shift>section','<Shift>egrave','<Shift>exclam','<Shift>ccedilla','<Shift>agrave','<Shift>parenright','<Shift>minus','<Shift>a','<Shift>z','<Shift>e','<Shift>r','<Shift>t','<Shift>y','<Shift>u','<Shift>i','<Shift>o','<Shift>p','<Shift>dead_circumflex','<Shift>dollar','<Shift>q','<Shift>s','<Shift>d','<Shift>f','<Shift>g','<Shift>h','<Shift>j','<Shift>k','<Shift>l','<Shift>m','<Shift>ugrave','<Shift>mu','<Shift>less','<Shift>w','<Shift>x','<Shift>c','<Shift>v','<Shift>b','<Shift>n','<Shift>comma','<Shift>semicolon','<Shift>colon','<Shift>equal','<Shift>KP_1','<Shift>KP_2','<Shift>KP_3','<Shift>KP_4','<Shift>KP_5','<Shift>KP_6','<Shift>KP_7','<Shift>KP_8','<Shift>KP_9','<Shift>KP_0','<Control>ampersand','<Control>eacute','<Control>quotedbl','<Control>apostrophe','<Control>parenleft','<Control>section','<Control>egrave','<Control>exclam','<Control>ccedilla','<Control>agrave','<Control>parenright','<Control>minus','<Control>a','<Control>z','<Control>e','<Control>r','<Control>t','<Control>y','<Control>u','<Control>i','<Control>o','<Control>p','<Control>dead_circumflex','<Control>dollar','<Control>q','<Control>s','<Control>d','<Control>f','<Control>g','<Control>h','<Control>j','<Control>k','<Control>l','<Control>m','<Control>ugrave','<Control>mu','<Control>less','<Control>w','<Control>x','<Control>c','<Control>v','<Control>b','<Control>n','<Control>comma','<Control>semicolon','<Control>colon','<Control>equal','<Control>KP_1','<Control>KP_2','<Control>KP_3','<Control>KP_4','<Control>KP_5','<Control>KP_6','<Control>KP_7','<Control>KP_8','<Control>KP_9','<Control>KP_0','<Alt>ampersand','<Alt>eacute','<Alt>quotedbl','<Alt>apostrophe','<Alt>parenleft','<Alt>section','<Alt>egrave','<Alt>exclam','<Alt>ccedilla','<Alt>agrave','<Alt>parenright','<Alt>minus','<Alt>a','<Alt>z','<Alt>e','<Alt>r','<Alt>t','<Alt>y','<Alt>u','<Alt>i','<Alt>o','<Alt>p','<Alt>dead_circumflex','<Alt>dollar','<Alt>q','<Alt>s','<Alt>d','<Alt>f','<Alt>g','<Alt>h','<Alt>j','<Alt>k','<Alt>l','<Alt>m','<Alt>ugrave','<Alt>mu','<Alt>less','<Alt>w','<Alt>x','<Alt>c','<Alt>v','<Alt>b','<Alt>n','<Alt>comma','<Alt>semicolon','<Alt>colon','<Alt>equal','<Alt>KP_1','<Alt>KP_2','<Alt>KP_3','<Alt>KP_4','<Alt>KP_5','<Alt>KP_6','<Alt>KP_7','<Alt>KP_8','<Alt>KP_9','<Alt>KP_0']]]></default>
      <summary>List of all keys to disable during the screensaver.</summary>
    </key>
  </schema>
</schemalist>

